{
    "intrinsics_rgb_components": {
        "width": 1280,
        "height": 720,
        "fx": 911.7142333984375,
        "fy": 911.869384765625,
        "ppx": 645.8208618164062,
        "ppy": 365.13311767578125,
        "model": "distortion.inverse_brown_conrady",
        "coeffs": [
            0.0,
            0.0,
            0.0,
            0.0,
            0.0
        ]
    },
    "extrinsics_l_ir_to_color_components": {
        "rotation": [
            [
                0.9995130300521851,
                -0.030877236276865005,
                -0.004513817373663187
            ],
            [
                0.030911415815353394,
                0.9994924068450928,
                0.007709410507231951
            ],
            [
                0.004273480735719204,
                -0.007845183834433556,
                0.9999600648880005
            ]
        ],
        "translation": [
            0.014954924583435059,
            -0.0002627153880894184,
            4.544723924482241e-05
        ]
    },
    "intrinsics_ir_left_components": {
        "width": 1280,
        "height": 720,
        "fx": 647.1888427734375,
        "fy": 647.1888427734375,
        "ppx": 653.2222900390625,
        "ppy": 351.2275390625,
        "model": "distortion.brown_conrady",
        "coeffs": [
            0.0,
            0.0,
            0.0,
            0.0,
            0.0
        ]
    },
    "extrinsics_r_to_l_ir_components": {
        "rotation": [
            [
                1.0,
                0.0,
                0.0
            ],
            [
                0.0,
                1.0,
                0.0
            ],
            [
                0.0,
                0.0,
                1.0
            ]
        ],
        "translation": [
            0.050117719918489456,
            0.0,
            0.0
        ]
    },
    "K_left_ir_matrix": [
        [
            647.1888427734375,
            0.0,
            653.2222900390625
        ],
        [
            0.0,
            647.1888427734375,
            351.2275390625
        ],
        [
            0.0,
            0.0,
            1.0
        ]
    ],
    "K_rgb_matrix": [
        [
            911.7142333984375,
            0.0,
            645.8208618164062
        ],
        [
            0.0,
            911.869384765625,
            365.13311767578125
        ],
        [
            0.0,
            0.0,
            1.0
        ]
    ],
    "baseline_m": 0.050117719918489456
}